<?xml version="1.0" encoding="UTF-8"?>
<project-private xmlns="http://www.netbeans.org/ns/project-private/1">
    <editor-bookmarks xmlns="http://www.netbeans.org/ns/editor-bookmarks/1"/>
    <open-files xmlns="http://www.netbeans.org/ns/projectui-open-files/1">
        <file>file:/C:/Users/Bhola/Desktop/PROJECT%20FINAL/AATJ/BTScanAdmin/src/detectorPack/MainForm.java</file>
        <file>file:/C:/Users/Bhola/Desktop/PROJECT%20FINAL/AATJ/BTScanAdmin/src/detectorPack/AddBTIDForm.java</file>
        <file>file:/C:/Users/Bhola/Desktop/PROJECT%20FINAL/AATJ/BTScanAdmin/src/detectorPack/LogInfo.java</file>
        <file>file:/C:/Users/Bhola/Desktop/PROJECT%20FINAL/AATJ/BTScanAdmin/src/detectorPack/ManageOwner.java</file>
    </open-files>
</project-private>
